"FID","birds_richness","plants_richness","category"
0,68,8,"Reserve"
1,196,13,"Reserve"
2,172,24,"Reserve"
3,38,9,"Reserve"
4,178,31,"Reserve"
5,88,18,"Reserve"
6,161,4,"Reserve"
7,109,57,"Reserve"
8,184,19,"Reserve"
9,236,21,"Reserve"
10,55,7,"Reserve"
11,214,23,"Reserve"
12,100,14,"Reserve"
13,2,13,"Reserve"
14,190,8,"Reserve"
15,169,6,"Reserve"
16,3,11,"Reserve"
17,191,35,"Reserve"
18,290,212,"Reserve"
19,28,4,"Reserve"
20,57,11,"Reserve"
21,10,3,"Reserve"
22,1,4,"Reserve"
23,225,9,"Reserve"
24,1,4,"Reserve"
25,190,16,"Reserve"
26,60,5,"Reserve"
27,90,13,"Reserve"
28,34,4,"Reserve"
29,238,8,"Reserve"
30,195,20,"Reserve"
31,10,24,"Reserve"
32,24,3,"Reserve"
33,159,19,"Reserve"
34,158,6,"Reserve"
35,83,4,"Reserve"
36,20,13,"Reserve"
37,241,27,"Reserve"
38,213,11,"Reserve"
39,175,7,"Reserve"
40,93,19,"Reserve"
41,81,8,"Reserve"
42,32,6,"Reserve"
43,169,9,"Reserve"
44,276,66,"Reserve"
45,137,8,"Reserve"
46,171,6,"Reserve"
47,105,13,"Reserve"
48,207,13,"Reserve"
49,108,16,"Reserve"
50,25,7,"Reserve"
51,184,54,"Reserve"
52,67,3,"Reserve"
53,27,6,"Reserve"
54,123,4,"Reserve"
55,99,14,"Reserve"
56,174,25,"Reserve"
57,135,24,"Reserve"
58,229,27,"Reserve"
59,41,16,"Reserve"
60,237,22,"Reserve"
61,173,8,"Reserve"
62,1,3,"Reserve"
63,82,14,"Reserve"
64,171,6,"Reserve"
65,116,29,"Reserve"
66,51,14,"Reserve"
67,174,7,"Reserve"
68,146,8,"Reserve"
69,117,13,"Reserve"
70,88,10,"Reserve"
71,6,17,"Reserve"
72,46,17,"Reserve"
73,221,17,"Reserve"
74,216,49,"Reserve"
75,159,27,"Reserve"
76,177,7,"Reserve"
77,59,10,"Reserve"
78,3,12,"Reserve"
79,52,6,"Reserve"
80,12,5,"Reserve"
81,51,14,"Reserve"
82,17,4,"Reserve"
83,182,7,"Reserve"
84,220,61,"Reserve"
85,92,13,"Reserve"
86,177,11,"Reserve"
87,74,8,"Reserve"
88,32,17,"Reserve"
89,16,4,"Reserve"
90,116,29,"Reserve"
91,135,8,"Reserve"
92,142,4,"Reserve"
93,147,7,"Reserve"
94,91,3,"Reserve"
95,296,95,"Reserve"
96,115,6,"Reserve"
97,38,4,"Reserve"
98,157,5,"Reserve"
99,219,7,"Reserve"
100,13,4,"Reserve"
101,199,24,"Reserve"
102,35,5,"Reserve"
103,213,27,"Reserve"
104,104,3,"Reserve"
105,21,6,"Reserve"
106,160,10,"Reserve"
107,66,10,"Reserve"
108,71,2,"Reserve"
109,157,8,"Reserve"
110,27,4,"Reserve"
111,93,16,"Reserve"
112,31,3,"Reserve"
113,138,27,"Reserve"
114,177,7,"Reserve"
115,199,10,"Reserve"
116,129,17,"Reserve"
117,195,9,"Reserve"
118,160,34,"Reserve"
119,70,8,"Reserve"
120,213,11,"Reserve"
121,64,15,"Reserve"
122,150,15,"Reserve"
123,120,20,"Reserve"
124,50,20,"Reserve"
125,100,9,"Reserve"
126,109,13,"Reserve"
127,10,9,"Reserve"
128,110,6,"Reserve"
129,76,25,"Reserve"
130,214,18,"Reserve"
131,121,23,"Reserve"
132,22,15,"Reserve"
133,18,8,"Reserve"
134,151,7,"Reserve"
135,182,10,"Reserve"
136,73,14,"Reserve"
137,187,30,"Reserve"
138,189,11,"Reserve"
139,106,17,"Reserve"
140,116,29,"Reserve"
141,180,12,"Reserve"
142,113,16,"Reserve"
143,97,4,"Reserve"
144,117,10,"Reserve"
145,168,11,"Reserve"
146,51,7,"Reserve"
147,215,24,"Reserve"
148,214,13,"Reserve"
149,153,20,"Reserve"
150,116,10,"Reserve"
151,186,46,"Reserve"
152,150,23,"Reserve"
153,39,16,"Reserve"
154,173,14,"Reserve"
155,177,24,"Reserve"
156,35,14,"Reserve"
157,149,5,"Reserve"
158,179,12,"Reserve"
159,1,2,"Reserve"
160,167,8,"Reserve"
161,99,10,"Reserve"
162,142,20,"Reserve"
163,181,28,"Reserve"
164,169,35,"Reserve"
165,35,3,"Reserve"
166,25,12,"Reserve"
167,139,8,"Reserve"
168,146,4,"Reserve"
169,70,7,"Reserve"
170,42,16,"Reserve"
171,143,5,"Reserve"
172,227,28,"Reserve"
173,215,25,"Reserve"
174,3,11,"Reserve"
175,146,25,"Reserve"
176,33,5,"Reserve"
177,83,16,"Reserve"
178,123,14,"Reserve"
179,31,5,"Reserve"
180,238,71,"Reserve"
181,20,11,"Reserve"
182,25,12,"Reserve"
183,185,12,"Reserve"
183,185,12,"Reserve"
184,167,30,"Reserve"
185,151,5,"Reserve"
186,9,16,"Reserve"
187,31,7,"Reserve"
188,120,15,"Reserve"
189,39,4,"Reserve"
190,287,69,"Reserve"
191,99,5,"Reserve"
192,169,6,"Reserve"
193,29,13,"Reserve"
194,181,15,"Reserve"
195,200,10,"Reserve"
196,1,3,"Reserve"
197,12,6,"Reserve"
198,108,5,"Reserve"
199,173,15,"Reserve"
200,150,9,"Reserve"
201,154,25,"Reserve"
202,134,45,"Reserve"
203,44,15,"Reserve"
204,190,38,"Reserve"
205,173,9,"Reserve"
206,132,6,"Reserve"
207,160,12,"Reserve"
208,26,5,"Reserve"
209,231,29,"Reserve"
210,2,5,"Reserve"
211,71,50,"Reserve"
212,15,6,"Reserve"
213,108,13,"Reserve"
214,74,12,"Reserve"
215,21,5,"Reserve"
216,149,10,"Reserve"
217,165,11,"Reserve"
218,281,69,"Reserve"
219,112,27,"Reserve"
220,58,7,"Reserve"
221,161,7,"Reserve"
222,172,24,"Reserve"
223,15,4,"Reserve"
224,24,4,"Reserve"
225,110,8,"Reserve"
226,131,6,"Reserve"
227,150,13,"Reserve"
228,99,10,"Reserve"
229,168,9,"Reserve"
230,30,13,"Reserve"
231,67,12,"Reserve"
232,269,202,"Reserve"
233,152,9,"Reserve"
234,172,13,"Reserve"
235,120,19,"Reserve"
236,135,15,"Reserve"
237,160,8,"Reserve"
238,31,3,"Reserve"
239,2,7,"Reserve"
240,159,9,"Reserve"
241,46,20,"Reserve"
242,147,18,"Reserve"
243,65,8,"Reserve"
244,220,16,"Reserve"
245,99,19,"Reserve"
246,55,17,"Reserve"
247,36,3,"Reserve"
248,89,12,"Reserve"
249,151,10,"Reserve"
250,126,22,"Reserve"
251,65,5,"Reserve"
252,97,21,"Reserve"
253,2,7,"Reserve"
254,114,15,"Reserve"
255,131,6,"Reserve"
256,214,23,"Reserve"
257,140,4,"Reserve"
258,55,18,"Reserve"
259,182,27,"Reserve"
260,1,4,"Reserve"
261,17,16,"Reserve"
262,36,4,"Reserve"
263,130,4,"Reserve"
264,155,6,"Reserve"
265,172,24,"Reserve"
266,91,8,"Reserve"
267,22,15,"Reserve"
268,160,36,"Reserve"
269,102,5,"Reserve"
270,130,22,"Reserve"
271,123,18,"Reserve"
272,124,14,"Reserve"
273,169,6,"Reserve"
274,18,8,"Reserve"
275,216,13,"Reserve"
276,7,17,"Reserve"
277,44,15,"Reserve"
278,219,28,"Reserve"
279,169,8,"Reserve"
280,244,55,"Reserve"
281,4,16,"Reserve"
282,31,5,"Reserve"
283,2,13,"Reserve"
284,59,8,"Reserve"
285,157,7,"Reserve"
286,24,3,"Reserve"
287,214,41,"Reserve"
288,197,34,"Reserve"
289,268,44,"Reserve"
290,29,11,"Reserve"
291,172,34,"Reserve"
292,173,9,"Reserve"
293,12,3,"Reserve"
294,5,12,"Reserve"
295,218,9,"Reserve"
296,101,5,"Reserve"
297,15,6,"Reserve"
298,135,44,"Reserve"
299,187,10,"Reserve"
300,2,5,"Reserve"
301,103,8,"Reserve"
302,153,34,"Reserve"
303,143,11,"Reserve"
304,9,16,"Reserve"
305,26,4,"Reserve"
306,158,8,"Reserve"
307,234,26,"Reserve"
308,11,29,"Reserve"
309,105,20,"Reserve"
310,138,27,"Reserve"
311,169,9,"Reserve"
312,71,12,"Reserve"
313,135,15,"Reserve"
314,227,28,"Reserve"
315,237,60,"Reserve"
316,105,20,"Reserve"
317,138,6,"Reserve"
318,29,4,"Reserve"
319,154,23,"Reserve"
320,141,23,"Reserve"
321,119,16,"Reserve"
322,198,11,"Reserve"
323,191,12,"Reserve"
324,110,16,"Reserve"
325,77,3,"Reserve"
326,186,46,"Reserve"
327,153,12,"Reserve"
328,31,4,"Reserve"
329,48,10,"Reserve"
330,197,18,"Reserve"
331,39,15,"Reserve"
332,101,21,"Reserve"
333,232,64,"Reserve"
334,103,20,"Reserve"
335,219,60,"Reserve"
336,174,53,"Reserve"
337,8,8,"Reserve"
338,102,2,"Reserve"
339,109,17,"Reserve"
340,209,17,"Reserve"
341,51,17,"Reserve"
342,157,6,"Reserve"
343,153,29,"Reserve"
344,1,3,"Reserve"
345,156,4,"Reserve"
346,145,6,"Reserve"
347,48,6,"Reserve"
348,208,49,"Reserve"
349,177,12,"Reserve"
350,98,7,"Reserve"
351,96,15,"Reserve"
352,6,18,"Reserve"
353,186,11,"Reserve"
354,9,16,"Reserve"
355,157,7,"Reserve"
356,182,49,"Reserve"
357,172,7,"Reserve"
358,167,24,"Reserve"
359,18,13,"Reserve"
360,149,5,"Reserve"
361,197,25,"Reserve"
362,1,3,"Reserve"
363,14,10,"Reserve"
364,171,8,"Reserve"
365,1,3,"Reserve"
366,173,12,"Reserve"
367,15,4,"Reserve"
368,110,16,"Reserve"
369,1,4,"Reserve"
370,106,14,"Reserve"
371,185,40,"Reserve"
372,41,4,"Reserve"
373,17,30,"Reserve"
374,150,4,"Reserve"
375,115,4,"Reserve"
376,158,11,"Reserve"
377,184,33,"Reserve"
378,213,12,"Reserve"
379,167,27,"Reserve"
380,109,16,"Reserve"
381,30,6,"Reserve"
382,88,7,"Reserve"
383,114,8,"Reserve"
384,127,11,"Reserve"
385,211,11,"Reserve"
386,38,4,"Reserve"
387,44,14,"Reserve"
388,112,20,"Reserve"
389,215,24,"Reserve"
390,132,4,"Reserve"
391,151,7,"Reserve"
392,237,189,"Reserve"
393,32,7,"Reserve"
394,147,20,"Reserve"
395,39,4,"Reserve"
396,192,13,"Reserve"
397,7,13,"Reserve"
398,135,8,"Reserve"
399,123,17,"Reserve"
400,107,18,"Reserve"
401,21,4,"Reserve"
402,175,11,"Reserve"
403,29,4,"Reserve"
404,118,7,"Reserve"
405,79,19,"Reserve"
406,38,4,"Reserve"
407,131,19,"Reserve"
408,35,3,"Reserve"
409,20,4,"Reserve"
410,246,177,"Reserve"
411,158,10,"Reserve"
411,158,10,"Reserve"
412,143,7,"Reserve"
413,225,12,"Reserve"
414,90,2,"Reserve"
415,77,21,"Reserve"
416,182,12,"Reserve"
417,188,9,"Reserve"
418,183,31,"Reserve"
419,211,7,"Reserve"
420,151,5,"Reserve"
421,192,14,"Reserve"
421,192,14,"Reserve"
422,57,7,"Reserve"
423,272,61,"Reserve"
424,185,12,"Reserve"
425,176,10,"Reserve"
426,66,6,"Reserve"
427,144,26,"Reserve"
428,23,4,"Reserve"
429,24,4,"Reserve"
430,158,31,"Reserve"
431,187,9,"Reserve"
432,200,23,"Reserve"
433,150,23,"Reserve"
434,110,11,"Reserve"
435,13,4,"Reserve"
436,13,7,"Reserve"
437,192,4,"Reserve"
438,42,5,"Reserve"
439,139,29,"Reserve"
440,153,15,"Reserve"
441,24,7,"Reserve"
442,191,15,"Reserve"
443,49,6,"Reserve"
444,83,15,"Reserve"
445,63,7,"Reserve"
446,178,37,"Reserve"
447,122,26,"Reserve"
448,41,16,"Reserve"
449,147,7,"Reserve"
450,108,3,"Reserve"
451,80,12,"Reserve"
452,177,28,"Reserve"
453,39,3,"Reserve"
454,199,7,"Reserve"
455,161,8,"Reserve"
456,71,7,"Reserve"
457,30,4,"Reserve"
458,147,6,"Reserve"
459,257,36,"Reserve"
460,51,17,"Reserve"
461,170,12,"Reserve"
462,84,12,"Reserve"
463,152,11,"Reserve"
464,54,19,"Reserve"
465,9,16,"Reserve"
466,212,30,"Reserve"
467,127,7,"Reserve"
468,242,35,"Reserve"
469,102,14,"Reserve"
470,122,9,"Reserve"
471,16,4,"Reserve"
472,205,21,"Reserve"
473,93,17,"Reserve"
474,165,11,"Reserve"
475,31,5,"Reserve"
476,175,10,"Reserve"
477,162,6,"Reserve"
478,162,10,"Reserve"
479,198,32,"Reserve"
480,131,17,"Reserve"
481,147,6,"Reserve"
482,103,17,"Reserve"
483,146,9,"Reserve"
484,236,21,"Reserve"
485,242,20,"Reserve"
486,175,10,"Reserve"
487,75,8,"Reserve"
488,233,8,"Reserve"
489,54,19,"Reserve"
490,57,7,"Reserve"
491,199,17,"Reserve"
492,161,6,"Reserve"
493,181,36,"Reserve"
494,230,28,"Reserve"
495,295,83,"Reserve"
496,101,6,"Reserve"
497,14,10,"Reserve"
498,84,4,"Reserve"
499,198,13,"Reserve"
500,20,5,"Reserve"
501,155,5,"Reserve"
502,192,27,"Reserve"
503,102,14,"Reserve"
504,1,4,"Reserve"
505,13,9,"Reserve"
506,189,8,"Reserve"
507,126,5,"Reserve"
508,237,35,"Reserve"
509,15,4,"Reserve"
510,113,9,"Reserve"
511,168,41,"Reserve"
512,152,4,"Reserve"
513,47,1,"Reserve"
514,64,4,"Reserve"
515,107,20,"Reserve"
516,4,13,"Reserve"
517,45,15,"Reserve"
518,139,8,"Reserve"
519,39,5,"Reserve"
520,227,13,"Reserve"
521,84,4,"Reserve"
522,173,29,"Reserve"
523,190,13,"Reserve"
524,25,6,"Reserve"
525,88,7,"Reserve"
526,27,4,"Reserve"
527,1,2,"Reserve"
528,107,11,"Reserve"
529,161,6,"Reserve"
530,89,3,"Reserve"
531,187,41,"Reserve"
532,156,6,"Reserve"
533,226,12,"Reserve"
534,140,23,"Reserve"
535,166,8,"Reserve"
536,145,27,"Reserve"
537,188,8,"Reserve"
538,58,6,"Reserve"
539,37,4,"Reserve"
540,224,16,"Reserve"
541,95,14,"Reserve"
542,174,7,"Reserve"
543,111,19,"Reserve"
544,27,3,"Reserve"
545,192,8,"Reserve"
546,92,21,"Reserve"
547,121,36,"Reserve"
548,68,7,"Reserve"
549,32,5,"Reserve"
550,64,7,"Reserve"
551,232,30,"Reserve"
552,38,4,"Reserve"
553,195,8,"Reserve"
554,139,6,"Reserve"
555,24,3,"Reserve"
556,117,22,"Reserve"
557,141,11,"Reserve"
558,266,199,"Reserve"
559,95,20,"Reserve"
560,156,7,"Reserve"
561,197,25,"Reserve"
562,152,9,"Reserve"
563,166,6,"Reserve"
564,203,11,"Reserve"
565,120,20,"Reserve"
566,165,26,"Reserve"
567,112,20,"Reserve"
568,182,33,"Reserve"
569,75,3,"Reserve"
570,136,6,"Reserve"
571,36,6,"Reserve"
572,117,21,"Reserve"
573,164,26,"Reserve"
574,176,33,"Reserve"
575,121,5,"Reserve"
576,195,7,"Reserve"
577,57,7,"Reserve"
578,36,14,"Reserve"
579,166,6,"Reserve"
580,125,16,"Reserve"
581,13,25,"Reserve"
582,203,13,"Reserve"
583,148,11,"Reserve"
584,176,9,"Reserve"
585,73,12,"Reserve"
586,121,4,"Reserve"
587,98,8,"Reserve"
588,180,19,"Reserve"
589,21,5,"Reserve"
590,24,3,"Reserve"
591,131,20,"Reserve"
592,143,20,"Reserve"
593,150,20,"Reserve"
594,75,12,"Reserve"
595,242,20,"Reserve"
596,7,1,"Reserve"
597,159,7,"Reserve"
598,14,5,"Reserve"
599,97,7,"Reserve"
600,61,7,"Reserve"
601,170,7,"Reserve"
602,47,6,"Reserve"
603,235,8,"Reserve"
604,198,13,"Reserve"
605,148,5,"Reserve"
606,102,14,"Reserve"
607,108,16,"Reserve"
608,208,17,"Reserve"
609,178,8,"Reserve"
610,132,31,"Reserve"
611,247,30,"Reserve"
612,162,23,"Reserve"
613,36,4,"Reserve"
614,173,7,"Reserve"
615,199,11,"Reserve"
616,154,41,"Reserve"
617,39,16,"Reserve"
618,204,19,"Reserve"
619,21,4,"Reserve"
620,217,69,"Reserve"
621,175,34,"Reserve"
622,75,13,"Reserve"
623,14,11,"Reserve"
624,89,7,"Reserve"
625,195,7,"Reserve"
626,26,6,"Reserve"
627,176,5,"Reserve"
628,10,21,"Reserve"
629,71,12,"Reserve"
630,182,7,"Reserve"
631,27,5,"Reserve"
632,5,1,"Reserve"
633,149,7,"Reserve"
634,229,79,"Reserve"
635,200,34,"Reserve"
636,46,25,"Reserve"
637,160,9,"Reserve"
638,110,12,"Reserve"
639,216,66,"Reserve"
640,167,27,"Reserve"
641,181,21,"Reserve"
642,108,20,"Reserve"
643,167,7,"Reserve"
644,193,9,"Reserve"
645,175,9,"Reserve"
646,84,7,"Reserve"
647,284,85,"Reserve"
648,17,7,"Reserve"
649,13,3,"Reserve"
650,160,28,"Reserve"
651,178,32,"Reserve"
652,25,6,"Reserve"
653,166,6,"Reserve"
654,27,4,"Reserve"
655,96,15,"Reserve"
656,153,39,"Reserve"
657,30,4,"Reserve"
658,45,13,"Reserve"
659,1,3,"Reserve"
660,175,29,"Reserve"
661,113,12,"Reserve"
662,102,12,"Reserve"
663,31,4,"Reserve"
664,127,8,"Reserve"
665,168,31,"Reserve"
666,190,13,"Reserve"
667,179,35,"Reserve"
668,131,20,"Reserve"
669,69,7,"Reserve"
670,107,17,"Reserve"
671,188,8,"Reserve"
672,154,9,"Reserve"
673,163,24,"Reserve"
675,89,51,"Reserve"
676,2,5,"Reserve"
677,29,4,"Reserve"
678,15,4,"Reserve"
679,112,16,"Reserve"
680,150,31,"Reserve"
681,145,5,"Reserve"
682,106,11,"Reserve"
683,217,20,"Reserve"
684,215,29,"Reserve"
685,177,28,"Reserve"
686,191,41,"Reserve"
687,42,23,"Reserve"
688,251,19,"Reserve"
689,124,16,"Reserve"
690,146,9,"Reserve"
691,152,5,"Reserve"
692,36,4,"Reserve"
693,155,24,"Reserve"
694,182,7,"Reserve"
695,224,16,"Reserve"
696,114,8,"Reserve"
697,123,4,"Reserve"
698,178,40,"Reserve"
699,136,20,"Reserve"
700,132,24,"Reserve"
701,36,4,"Reserve"
702,142,5,"Reserve"
703,97,5,"Reserve"
704,206,32,"Reserve"
705,151,7,"Reserve"
706,161,6,"Reserve"
707,202,12,"Reserve"
708,120,8,"Reserve"
709,28,4,"Reserve"
710,124,28,"Reserve"
711,141,6,"Reserve"
712,168,29,"Reserve"
713,24,3,"Reserve"
714,130,18,"Reserve"
715,206,12,"Reserve"
716,158,8,"Reserve"
717,138,4,"Reserve"
718,1,3,"Reserve"
719,13,19,"Reserve"
720,281,90,"Reserve"
721,24,4,"Reserve"
722,1,3,"Reserve"
723,20,13,"Reserve"
724,152,10,"Reserve"
725,177,24,"Reserve"
726,79,19,"Reserve"
727,148,6,"Reserve"
728,51,17,"Reserve"
729,142,5,"Reserve"
730,25,6,"Reserve"
731,121,23,"Reserve"
732,89,16,"Reserve"
733,94,7,"Reserve"
734,66,8,"Reserve"
735,169,15,"Reserve"
736,301,94,"Reserve"
737,1,0,"Reserve"
738,49,6,"Reserve"
739,30,6,"Reserve"
740,155,9,"Reserve"
741,129,19,"Reserve"
742,200,7,"Reserve"
743,97,9,"Reserve"
744,159,44,"Reserve"
745,235,49,"Reserve"
746,210,27,"Reserve"
747,76,10,"Reserve"
748,194,100,"Reserve"
748,194,100,"Reserve"
749,26,16,"Reserve"
750,191,41,"Reserve"
751,56,20,"Reserve"
752,142,27,"Reserve"
753,156,8,"Reserve"
754,19,5,"Reserve"
755,154,5,"Reserve"
756,114,12,"Reserve"
757,239,29,"Reserve"
758,211,11,"Reserve"
759,37,5,"Reserve"
760,2,5,"Reserve"
761,38,16,"Reserve"
762,156,40,"Reserve"
763,69,19,"Reserve"
764,50,7,"Reserve"
765,121,32,"Reserve"
766,25,5,"Reserve"
767,169,6,"Reserve"
767,169,6,"Reserve"
768,21,5,"Reserve"
770,21,12,"Reserve"
771,136,7,"Reserve"
772,102,21,"Reserve"
773,222,20,"Reserve"
774,105,8,"Reserve"
775,3,8,"Reserve"
776,159,7,"Reserve"
777,188,10,"Reserve"
778,235,16,"Reserve"
779,229,27,"Reserve"
780,105,23,"Reserve"
781,221,26,"Reserve"
782,128,4,"Reserve"
783,90,3,"Reserve"
784,5,12,"Reserve"
785,177,12,"Reserve"
786,34,4,"Reserve"
787,18,5,"Reserve"
788,108,5,"Reserve"
789,87,9,"Reserve"
790,32,6,"Reserve"
791,35,4,"Reserve"
792,196,23,"Reserve"
793,187,18,"Reserve"
794,14,5,"Reserve"
795,271,214,"Reserve"
796,166,28,"Reserve"
797,145,5,"Reserve"
798,195,11,"Reserve"
799,170,17,"Reserve"
800,30,4,"Reserve"
801,84,11,"Reserve"
802,157,8,"Reserve"
803,278,58,"Reserve"
804,178,34,"Reserve"
805,17,16,"Reserve"
806,2,10,"Reserve"
807,101,17,"Reserve"
808,95,8,"Reserve"
809,149,6,"Reserve"
810,8,2,"Reserve"
811,73,14,"Reserve"
812,12,6,"Reserve"
813,177,31,"Reserve"
814,80,15,"Reserve"
815,49,6,"Reserve"
816,156,29,"Reserve"
817,103,11,"Reserve"
818,113,16,"Reserve"
819,100,12,"Reserve"
820,41,18,"Reserve"
821,99,10,"Reserve"
822,152,7,"Reserve"
823,35,3,"Reserve"
824,97,7,"Reserve"
825,73,14,"Reserve"
826,60,9,"Reserve"
827,151,25,"Reserve"
828,210,27,"Reserve"
829,41,16,"Reserve"
830,97,22,"Reserve"
831,151,7,"Reserve"
832,153,8,"Reserve"
833,126,8,"Reserve"
834,104,5,"Reserve"
835,191,11,"Reserve"
836,25,7,"Reserve"
837,164,44,"Reserve"
838,113,7,"Reserve"
839,178,10,"Reserve"
840,177,29,"Reserve"
841,185,22,"Reserve"
842,130,6,"Reserve"
843,2,5,"Reserve"
844,91,12,"Reserve"
845,211,14,"Reserve"
846,40,29,"Reserve"
847,114,6,"Reserve"
848,58,7,"Reserve"
849,155,24,"Reserve"
850,122,26,"Reserve"
851,26,4,"Reserve"
852,157,8,"Reserve"
853,149,11,"Reserve"
854,20,12,"Reserve"
855,2,5,"Reserve"
856,164,44,"Reserve"
857,17,5,"Reserve"
858,167,7,"Reserve"
859,96,11,"Reserve"
860,146,9,"Reserve"
861,137,21,"Reserve"
862,34,4,"Reserve"
863,59,12,"Reserve"
864,116,29,"Reserve"
865,62,10,"Reserve"
866,1,3,"Reserve"
867,160,10,"Reserve"
868,178,32,"Reserve"
869,126,8,"Reserve"
870,120,31,"Reserve"
871,191,15,"Reserve"
872,182,10,"Reserve"
873,34,8,"Reserve"
874,59,8,"Reserve"
875,144,15,"Reserve"
876,167,4,"Reserve"
877,190,7,"Reserve"
878,205,12,"Reserve"
879,37,9,"Reserve"
880,65,8,"Reserve"
881,298,85,"Reserve"
882,185,10,"Reserve"
883,135,7,"Reserve"
884,84,12,"Reserve"
885,172,13,"Reserve"
886,138,4,"Reserve"
887,164,6,"Reserve"
888,30,4,"Reserve"
889,159,11,"Reserve"
890,212,62,"Reserve"
891,54,6,"Reserve"
892,27,4,"Reserve"
893,195,22,"Reserve"
894,183,12,"Reserve"
895,115,5,"Reserve"
896,152,6,"Reserve"
897,19,12,"Reserve"
898,103,20,"Reserve"
899,1,3,"Reserve"
900,173,9,"Reserve"
901,10,3,"Reserve"
902,104,5,"Reserve"
903,177,28,"Reserve"
904,237,15,"Reserve"
905,160,11,"Reserve"
906,18,5,"Reserve"
907,148,9,"Reserve"
908,135,7,"Reserve"
909,56,20,"Reserve"
910,98,15,"Reserve"
911,71,50,"Reserve"
912,114,6,"Reserve"
913,161,11,"Reserve"
914,143,16,"Reserve"
915,30,4,"Reserve"
916,168,7,"Reserve"
917,156,5,"Reserve"
918,187,11,"Reserve"
919,169,10,"Reserve"
920,227,20,"Reserve"
921,101,5,"Reserve"
922,138,4,"Reserve"
923,169,6,"Reserve"
924,83,11,"Reserve"
925,195,8,"Reserve"
926,136,13,"Reserve"
927,214,39,"Reserve"
928,60,18,"Reserve"
929,46,4,"Reserve"
930,63,13,"Reserve"
931,113,16,"Reserve"
932,92,7,"Reserve"
933,183,44,"Reserve"
934,103,17,"Reserve"
935,167,7,"Reserve"
936,2,4,"Reserve"
937,174,8,"Reserve"
938,191,11,"Reserve"
939,155,27,"Reserve"
940,213,146,"Reserve"
941,118,19,"Reserve"
942,43,12,"Reserve"
943,37,9,"Reserve"
944,232,64,"Reserve"
945,215,25,"Reserve"
946,191,12,"Reserve"
947,150,5,"Reserve"
948,224,60,"Reserve"
949,163,24,"Reserve"
950,47,6,"Reserve"
951,163,24,"Reserve"
952,133,25,"Reserve"
953,27,4,"Reserve"
954,117,13,"Reserve"
955,14,7,"Reserve"
956,287,205,"Reserve"
957,118,15,"Reserve"
958,30,6,"Reserve"
959,77,14,"Reserve"
960,232,29,"Reserve"
961,22,9,"Reserve"
962,75,7,"Reserve"
963,171,27,"Reserve"
964,102,12,"Reserve"
965,99,12,"Reserve"
966,207,10,"Reserve"
967,178,24,"Reserve"
968,58,6,"Reserve"
969,172,9,"Reserve"
970,7,1,"Reserve"
971,13,6,"Reserve"
972,169,13,"Reserve"
973,39,4,"Reserve"
974,171,11,"Reserve"
975,169,30,"Reserve"
976,173,9,"Reserve"
977,143,5,"Reserve"
978,51,7,"Reserve"
979,30,5,"Reserve"
980,115,27,"Reserve"
981,1,4,"Reserve"
982,118,13,"Reserve"
983,211,40,"Reserve"
984,287,77,"Reserve"
985,61,10,"Reserve"
986,50,15,"Reserve"
987,158,10,"Reserve"
988,166,30,"Reserve"
989,20,13,"Reserve"
990,174,30,"Reserve"
991,230,66,"Reserve"
992,74,10,"Reserve"
993,57,6,"Reserve"
994,181,7,"Reserve"
995,15,6,"Reserve"
996,178,24,"Reserve"
997,180,10,"Reserve"
998,64,11,"Reserve"
999,36,3,"Reserve"
3,108,19,"No Reserve"
4,42,17,"No Reserve"
6,98,33,"No Reserve"
7,14,11,"No Reserve"
8,136,33,"No Reserve"
11,1,4,"No Reserve"
12,113,12,"No Reserve"
13,161,15,"No Reserve"
15,113,14,"No Reserve"
21,76,8,"No Reserve"
22,114,8,"No Reserve"
23,17,1,"No Reserve"
24,49,1,"No Reserve"
25,2,2,"No Reserve"
26,182,24,"No Reserve"
28,20,4,"No Reserve"
31,54,7,"No Reserve"
33,3,1,"No Reserve"
34,93,7,"No Reserve"
36,32,25,"No Reserve"
37,40,28,"No Reserve"
38,61,9,"No Reserve"
39,73,7,"No Reserve"
40,1,8,"No Reserve"
42,215,47,"No Reserve"
44,81,96,"No Reserve"
45,1,1,"No Reserve"
46,81,4,"No Reserve"
47,2,7,"No Reserve"
49,3,2,"No Reserve"
50,37,9,"No Reserve"
51,244,111,"No Reserve"
53,10,3,"No Reserve"
55,96,13,"No Reserve"
56,1,0,"No Reserve"
57,12,16,"No Reserve"
59,1,0,"No Reserve"
60,1,0,"No Reserve"
61,95,10,"No Reserve"
64,39,4,"No Reserve"
66,58,3,"No Reserve"
69,8,4,"No Reserve"
73,1,2,"No Reserve"
75,1,4,"No Reserve"
82,11,10,"No Reserve"
85,39,4,"No Reserve"
88,159,6,"No Reserve"
89,1,0,"No Reserve"
90,1,3,"No Reserve"
92,157,12,"No Reserve"
93,165,28,"No Reserve"
96,80,5,"No Reserve"
97,73,14,"No Reserve"
102,2,0,"No Reserve"
103,162,13,"No Reserve"
104,1,3,"No Reserve"
105,1,0,"No Reserve"
106,2,3,"No Reserve"
107,81,12,"No Reserve"
108,236,16,"No Reserve"
109,15,16,"No Reserve"
113,108,7,"No Reserve"
114,205,7,"No Reserve"
115,94,8,"No Reserve"
117,113,40,"No Reserve"
118,118,8,"No Reserve"
119,2,7,"No Reserve"
121,191,26,"No Reserve"
122,80,10,"No Reserve"
123,21,1,"No Reserve"
124,150,25,"No Reserve"
126,59,4,"No Reserve"
127,201,10,"No Reserve"
128,265,59,"No Reserve"
129,288,27,"No Reserve"
131,89,7,"No Reserve"
132,42,16,"No Reserve"
134,52,4,"No Reserve"
135,2,3,"No Reserve"
136,139,29,"No Reserve"
137,47,6,"No Reserve"
139,26,15,"No Reserve"
141,205,12,"No Reserve"
142,153,9,"No Reserve"
143,1,1,"No Reserve"
144,1,3,"No Reserve"
145,1,0,"No Reserve"
147,236,15,"No Reserve"
148,125,7,"No Reserve"
149,204,85,"No Reserve"
152,9,15,"No Reserve"
156,76,5,"No Reserve"
157,0,0,"No Reserve"
161,1,3,"No Reserve"
165,105,10,"No Reserve"
166,1,4,"No Reserve"
167,1,1,"No Reserve"
169,2,4,"No Reserve"
170,63,8,"No Reserve"
171,53,4,"No Reserve"
172,3,5,"No Reserve"
177,3,2,"No Reserve"
179,7,1,"No Reserve"
181,214,164,"No Reserve"
182,1,2,"No Reserve"
183,2,5,"No Reserve"
184,31,8,"No Reserve"
186,29,10,"No Reserve"
187,21,19,"No Reserve"
188,70,11,"No Reserve"
189,1,0,"No Reserve"
190,52,19,"No Reserve"
191,56,5,"No Reserve"
192,90,6,"No Reserve"
193,6,5,"No Reserve"
195,155,8,"No Reserve"
196,212,24,"No Reserve"
198,1,1,"No Reserve"
199,81,9,"No Reserve"
200,118,8,"No Reserve"
203,195,14,"No Reserve"
205,113,7,"No Reserve"
207,98,4,"No Reserve"
208,75,7,"No Reserve"
210,54,24,"No Reserve"
212,2,3,"No Reserve"
216,240,163,"No Reserve"
221,239,19,"No Reserve"
222,109,15,"No Reserve"
223,1,0,"No Reserve"
224,83,53,"No Reserve"
226,1,6,"No Reserve"
227,95,8,"No Reserve"
228,73,9,"No Reserve"
229,127,4,"No Reserve"
231,1,2,"No Reserve"
232,68,8,"No Reserve"
235,3,3,"No Reserve"
236,118,9,"No Reserve"
238,238,184,"No Reserve"
240,12,12,"No Reserve"
242,96,3,"No Reserve"
243,129,7,"No Reserve"
244,5,12,"No Reserve"
246,244,17,"No Reserve"
247,184,26,"No Reserve"
248,168,31,"No Reserve"
249,1,0,"No Reserve"
251,2,2,"No Reserve"
256,3,1,"No Reserve"
257,1,4,"No Reserve"
261,152,13,"No Reserve"
262,57,6,"No Reserve"
265,127,4,"No Reserve"
268,191,6,"No Reserve"
274,181,10,"No Reserve"
276,33,6,"No Reserve"
277,128,28,"No Reserve"
279,1,0,"No Reserve"
281,184,26,"No Reserve"
282,3,6,"No Reserve"
284,1,0,"No Reserve"
285,3,1,"No Reserve"
286,1,0,"No Reserve"
287,2,9,"No Reserve"
289,278,78,"No Reserve"
291,5,15,"No Reserve"
293,6,11,"No Reserve"
295,3,6,"No Reserve"
297,62,5,"No Reserve"
298,5,3,"No Reserve"
299,2,5,"No Reserve"
302,7,14,"No Reserve"
303,237,17,"No Reserve"
307,111,11,"No Reserve"
308,229,12,"No Reserve"
309,12,11,"No Reserve"
310,103,8,"No Reserve"
312,94,16,"No Reserve"
313,215,23,"No Reserve"
314,64,5,"No Reserve"
315,167,8,"No Reserve"
316,38,3,"No Reserve"
317,267,106,"No Reserve"
318,3,5,"No Reserve"
319,119,18,"No Reserve"
321,105,7,"No Reserve"
322,36,7,"No Reserve"
325,1,0,"No Reserve"
326,1,4,"No Reserve"
332,114,14,"No Reserve"
334,1,0,"No Reserve"
335,169,11,"No Reserve"
336,17,4,"No Reserve"
337,1,0,"No Reserve"
338,139,8,"No Reserve"
341,6,5,"No Reserve"
342,201,28,"No Reserve"
343,133,12,"No Reserve"
344,5,2,"No Reserve"
346,309,89,"No Reserve"
347,3,2,"No Reserve"
350,4,0,"No Reserve"
354,214,26,"No Reserve"
355,1,0,"No Reserve"
357,65,22,"No Reserve"
359,7,11,"No Reserve"
362,71,34,"No Reserve"
366,190,10,"No Reserve"
367,162,18,"No Reserve"
369,134,6,"No Reserve"
372,139,7,"No Reserve"
373,78,22,"No Reserve"
374,4,1,"No Reserve"
375,21,13,"No Reserve"
377,56,3,"No Reserve"
378,13,10,"No Reserve"
379,176,12,"No Reserve"
380,3,2,"No Reserve"
381,43,29,"No Reserve"
382,251,48,"No Reserve"
383,161,8,"No Reserve"
384,186,10,"No Reserve"
386,63,4,"No Reserve"
389,1,1,"No Reserve"
390,2,6,"No Reserve"
393,14,2,"No Reserve"
395,160,17,"No Reserve"
396,21,38,"No Reserve"
400,152,4,"No Reserve"
401,20,9,"No Reserve"
402,90,9,"No Reserve"
403,3,6,"No Reserve"
404,45,3,"No Reserve"
405,115,10,"No Reserve"
406,153,5,"No Reserve"
407,126,97,"No Reserve"
411,182,7,"No Reserve"
413,1,0,"No Reserve"
414,64,4,"No Reserve"
415,31,4,"No Reserve"
416,9,5,"No Reserve"
417,65,20,"No Reserve"
419,18,2,"No Reserve"
420,5,6,"No Reserve"
425,2,1,"No Reserve"
426,4,2,"No Reserve"
427,4,0,"No Reserve"
428,13,3,"No Reserve"
430,200,23,"No Reserve"
432,8,1,"No Reserve"
433,154,5,"No Reserve"
435,34,11,"No Reserve"
436,49,3,"No Reserve"
437,159,5,"No Reserve"
438,195,77,"No Reserve"
439,1,4,"No Reserve"
441,291,61,"No Reserve"
443,40,15,"No Reserve"
444,1,5,"No Reserve"
446,198,105,"No Reserve"
449,28,8,"No Reserve"
453,121,10,"No Reserve"
454,233,175,"No Reserve"
456,156,13,"No Reserve"
457,42,4,"No Reserve"
459,3,9,"No Reserve"
461,100,11,"No Reserve"
462,2,0,"No Reserve"
463,91,6,"No Reserve"
464,3,2,"No Reserve"
470,136,8,"No Reserve"
471,14,10,"No Reserve"
472,87,8,"No Reserve"
473,25,3,"No Reserve"
474,62,4,"No Reserve"
475,177,132,"No Reserve"
477,2,0,"No Reserve"
482,1,3,"No Reserve"
483,37,8,"No Reserve"
484,58,6,"No Reserve"
485,1,1,"No Reserve"
487,1,6,"No Reserve"
488,1,6,"No Reserve"
489,141,13,"No Reserve"
492,128,18,"No Reserve"
493,114,8,"No Reserve"
494,1,3,"No Reserve"
495,1,3,"No Reserve"
497,149,8,"No Reserve"
498,99,5,"No Reserve"
500,214,28,"No Reserve"
501,205,13,"No Reserve"
502,243,22,"No Reserve"
504,1,0,"No Reserve"
505,97,23,"No Reserve"
506,29,19,"No Reserve"
509,50,3,"No Reserve"
511,264,19,"No Reserve"
512,103,8,"No Reserve"
513,59,5,"No Reserve"
515,2,1,"No Reserve"
517,197,122,"No Reserve"
518,107,22,"No Reserve"
519,185,130,"No Reserve"
520,234,113,"No Reserve"
521,84,7,"No Reserve"
522,3,2,"No Reserve"
523,1,0,"No Reserve"
524,151,11,"No Reserve"
526,1,6,"No Reserve"
527,94,12,"No Reserve"
528,196,19,"No Reserve"
529,85,6,"No Reserve"
530,3,2,"No Reserve"
531,248,41,"No Reserve"
532,114,13,"No Reserve"
534,59,23,"No Reserve"
535,251,48,"No Reserve"
537,36,5,"No Reserve"
538,100,21,"No Reserve"
539,50,5,"No Reserve"
540,10,8,"No Reserve"
542,22,10,"No Reserve"
543,1,0,"No Reserve"
545,148,13,"No Reserve"
547,255,26,"No Reserve"
548,148,8,"No Reserve"
553,113,77,"No Reserve"
554,14,12,"No Reserve"
555,39,9,"No Reserve"
556,3,8,"No Reserve"
557,6,0,"No Reserve"
558,33,8,"No Reserve"
559,290,60,"No Reserve"
562,126,10,"No Reserve"
563,144,20,"No Reserve"
564,189,18,"No Reserve"
565,36,4,"No Reserve"
566,1,0,"No Reserve"
567,305,169,"No Reserve"
568,1,1,"No Reserve"
569,56,7,"No Reserve"
570,27,27,"No Reserve"
572,1,1,"No Reserve"
573,65,23,"No Reserve"
575,20,7,"No Reserve"
576,2,1,"No Reserve"
578,101,23,"No Reserve"
579,1,0,"No Reserve"
580,161,16,"No Reserve"
582,77,16,"No Reserve"
583,2,6,"No Reserve"
585,2,6,"No Reserve"
590,163,6,"No Reserve"
591,1,0,"No Reserve"
592,89,5,"No Reserve"
593,15,0,"No Reserve"
594,5,11,"No Reserve"
595,228,12,"No Reserve"
596,278,113,"No Reserve"
600,187,42,"No Reserve"
601,8,2,"No Reserve"
602,106,49,"No Reserve"
606,98,10,"No Reserve"
608,135,4,"No Reserve"
610,104,16,"No Reserve"
611,82,4,"No Reserve"
613,212,21,"No Reserve"
614,143,6,"No Reserve"
616,81,10,"No Reserve"
619,121,15,"No Reserve"
621,48,7,"No Reserve"
622,78,15,"No Reserve"
623,1,1,"No Reserve"
625,74,39,"No Reserve"
626,63,11,"No Reserve"
630,2,1,"No Reserve"
631,3,4,"No Reserve"
632,1,2,"No Reserve"
633,3,11,"No Reserve"
635,91,5,"No Reserve"
636,112,11,"No Reserve"
638,262,11,"No Reserve"
639,181,14,"No Reserve"
641,238,81,"No Reserve"
643,245,13,"No Reserve"
644,120,16,"No Reserve"
646,41,39,"No Reserve"
648,3,2,"No Reserve"
649,4,12,"No Reserve"
652,8,9,"No Reserve"
654,1,2,"No Reserve"
656,100,8,"No Reserve"
657,1,0,"No Reserve"
658,1,2,"No Reserve"
659,14,5,"No Reserve"
661,75,9,"No Reserve"
664,142,6,"No Reserve"
667,11,3,"No Reserve"
671,45,36,"No Reserve"
681,2,0,"No Reserve"
683,6,4,"No Reserve"
685,5,2,"No Reserve"
687,32,4,"No Reserve"
688,31,12,"No Reserve"
690,31,17,"No Reserve"
691,220,90,"No Reserve"
692,134,17,"No Reserve"
695,53,8,"No Reserve"
696,82,7,"No Reserve"
697,1,3,"No Reserve"
699,2,2,"No Reserve"
700,5,10,"No Reserve"
703,3,8,"No Reserve"
705,3,3,"No Reserve"
706,141,6,"No Reserve"
709,135,16,"No Reserve"
710,226,26,"No Reserve"
713,3,1,"No Reserve"
715,161,12,"No Reserve"
717,15,10,"No Reserve"
719,23,20,"No Reserve"
720,98,16,"No Reserve"
724,10,1,"No Reserve"
725,251,113,"No Reserve"
726,205,21,"No Reserve"
728,83,6,"No Reserve"
729,53,10,"No Reserve"
733,143,6,"No Reserve"
735,207,16,"No Reserve"
736,1,2,"No Reserve"
738,3,1,"No Reserve"
740,6,4,"No Reserve"
744,1,6,"No Reserve"
745,140,6,"No Reserve"
746,175,28,"No Reserve"
749,1,3,"No Reserve"
750,7,13,"No Reserve"
756,147,9,"No Reserve"
758,1,3,"No Reserve"
760,2,3,"No Reserve"
764,54,8,"No Reserve"
765,123,34,"No Reserve"
766,159,8,"No Reserve"
768,3,5,"No Reserve"
769,28,3,"No Reserve"
770,31,21,"No Reserve"
771,122,4,"No Reserve"
772,100,9,"No Reserve"
773,151,21,"No Reserve"
774,28,11,"No Reserve"
775,5,7,"No Reserve"
778,205,91,"No Reserve"
780,68,2,"No Reserve"
782,214,43,"No Reserve"
783,1,0,"No Reserve"
784,280,42,"No Reserve"
785,209,13,"No Reserve"
786,136,11,"No Reserve"
787,4,0,"No Reserve"
789,16,1,"No Reserve"
790,3,2,"No Reserve"
791,3,10,"No Reserve"
792,193,8,"No Reserve"
793,68,10,"No Reserve"
794,75,5,"No Reserve"
795,89,8,"No Reserve"
796,82,11,"No Reserve"
798,148,7,"No Reserve"
799,273,37,"No Reserve"
800,60,5,"No Reserve"
803,1,1,"No Reserve"
804,1,0,"No Reserve"
805,233,8,"No Reserve"
807,294,82,"No Reserve"
809,83,12,"No Reserve"
811,17,11,"No Reserve"
814,1,1,"No Reserve"
815,113,17,"No Reserve"
817,5,2,"No Reserve"
819,260,85,"No Reserve"
821,145,25,"No Reserve"
822,207,38,"No Reserve"
825,15,16,"No Reserve"
829,125,8,"No Reserve"
832,122,7,"No Reserve"
834,6,14,"No Reserve"
835,22,1,"No Reserve"
836,101,11,"No Reserve"
844,7,2,"No Reserve"
848,2,8,"No Reserve"
849,83,5,"No Reserve"
850,21,3,"No Reserve"
851,28,11,"No Reserve"
852,60,2,"No Reserve"
853,161,21,"No Reserve"
854,10,3,"No Reserve"
855,101,15,"No Reserve"
856,33,5,"No Reserve"
857,36,7,"No Reserve"
858,138,15,"No Reserve"
859,3,4,"No Reserve"
860,3,6,"No Reserve"
861,29,22,"No Reserve"
862,1,0,"No Reserve"
864,5,7,"No Reserve"
865,18,10,"No Reserve"
867,107,13,"No Reserve"
870,80,9,"No Reserve"
871,8,11,"No Reserve"
872,208,10,"No Reserve"
874,260,34,"No Reserve"
876,185,6,"No Reserve"
880,120,3,"No Reserve"
881,187,13,"No Reserve"
882,211,55,"No Reserve"
885,171,47,"No Reserve"
888,2,9,"No Reserve"
891,91,8,"No Reserve"
892,1,2,"No Reserve"
893,223,16,"No Reserve"
895,66,9,"No Reserve"
896,47,13,"No Reserve"
899,15,11,"No Reserve"
901,77,14,"No Reserve"
902,125,15,"No Reserve"
904,235,9,"No Reserve"
905,171,9,"No Reserve"
906,8,2,"No Reserve"
908,3,2,"No Reserve"
911,96,9,"No Reserve"
912,225,12,"No Reserve"
914,114,16,"No Reserve"
915,3,4,"No Reserve"
917,128,18,"No Reserve"
921,2,2,"No Reserve"
922,166,22,"No Reserve"
923,64,15,"No Reserve"
924,18,18,"No Reserve"
925,137,8,"No Reserve"
926,1,5,"No Reserve"
927,19,4,"No Reserve"
929,1,2,"No Reserve"
932,208,123,"No Reserve"
934,4,8,"No Reserve"
935,150,28,"No Reserve"
936,76,5,"No Reserve"
937,200,130,"No Reserve"
939,227,9,"No Reserve"
941,110,4,"No Reserve"
943,130,6,"No Reserve"
949,115,4,"No Reserve"
951,3,1,"No Reserve"
952,53,4,"No Reserve"
953,181,24,"No Reserve"
955,36,4,"No Reserve"
956,1,3,"No Reserve"
957,105,10,"No Reserve"
959,131,5,"No Reserve"
960,8,10,"No Reserve"
961,72,8,"No Reserve"
962,1,1,"No Reserve"
963,46,6,"No Reserve"
965,20,5,"No Reserve"
966,10,3,"No Reserve"
969,99,11,"No Reserve"
970,53,8,"No Reserve"
974,94,28,"No Reserve"
975,267,86,"No Reserve"
977,1,3,"No Reserve"
978,2,4,"No Reserve"
979,25,4,"No Reserve"
981,19,6,"No Reserve"
982,66,6,"No Reserve"
983,2,4,"No Reserve"
984,5,14,"No Reserve"
987,1,5,"No Reserve"
989,258,22,"No Reserve"
990,104,17,"No Reserve"
991,8,13,"No Reserve"
993,188,4,"No Reserve"
995,269,91,"No Reserve"
997,218,98,"No Reserve"
